Ticker,Price,Bear,Base,Bull,Discount Raw,Rev_g0,Rev_g1,Rev_g2,Margin_d0,Margin_d1,Margin_d2
AEO,18.34,20.75,23.86,46.68,11.23,0,1,5,0,1,2
LULU,159.87,200.27,393.65,1279.03,6.4,1,5,8,0,2,4
BYDDY,13.34,9.27,21.07,112.2,9.91,2,10,18,0,1,2
BMBL,6.83,1.87,2.86,13.87,12.76,0,1,5,0,0,2
PAGS,9.54,-0.09,19.82,212.59,13.53,2,8,14,0,0,2
JD,33.67,41.66,57.85,125.66,10.63,1,3,5,0,1,2
PDD,125.44,133.32,374.96,3340.87,4.3,2,10,18,1,5,9
CHA,16.64,23.54,74.28,704.76,3.5,2,10,18,1,5,9
MOH,180.88,443.23,1587.61,12919,6.41,2,8,15,1,5,9
RBLX,133.31,-6.03,-11.37,43.26,10.23,2,10,18,1,5,9
JACK,18.54,-15.58,-16.65,73.63,12.81,-3,1,5,0,1,2
LYFT,18.62,1.23,8.75,130.34,9.32,2,10,18,1,5,9
GAP,22.9,27.91,35.81,60.74,9.58,0,1,5,0,2,3
SHOP,143.38,12.01,22.71,122.07,10.85,2,10,18,0,1,2
ORCL,292.18,18.92,37.38,123.16,11.27,1,4,7,0,0,2
TSM,259.33,87.31,250.42,1473.8,7.46,2,10,18,0,1,3
JEF,66.65,130.39,323.06,2422.42,12.4,2,10,18,0,0,2
LOW,271.83,64.87,74.33,173.39,10.26,-2,1,5,0,1,2
APO,138.03,412.03,453.26,644.68,6.63,-3,1,5,1,5,9
GM,58.5,-13.22,31.57,310.11,11.78,1,4,7,0,0,2
KO,67.01,16.21,19.76,43.96,11.31,0,1,5,0,0,2
CROX,77.43,120.28,147.24,287.56,10.86,0,2,5,0,1,2
HMC,33.53,43.89,58.55,150.12,12.08,1,3,5,0,0,2
MU,157.23,5.89,17.39,161.29,11.67,2,10,18,0,0,2
CLF,11.68,-18.05,-17.54,-7.32,16.44,-3,1,5,0,0,2
CAL,14.89,19.54,20.37,59.91,12.53,-3,1,5,0,0,2
YB,25.36,31.76,91.26,824.25,4.9,2,10,18,1,5,9
IONQ,55.61,-1.7,-4.87,1.46,22.94,2,10,18,-2,0,2
BA,215.94,-80.96,-79.84,-18.96,19.48,-3,1,5,-1,0,2
FSLR,201.7,124.92,267.75,1436.66,10.46,2,10,18,0,0,2
FRCOY,32.67,13.39,22.5,55.53,9.15,1,5,10,0,2,4
ASCCY,28.2,8.58,17.12,79.52,10.94,2,9,15,0,1,2
LKNCY,38.74,18.82,53.67,297.07,8.32,2,10,18,0,2,3
NVO,54.87,38.65,79.14,212.69,8.57,1,5,9,0,1,2
XIACY,35.22,6.96,13.52,88.06,11.36,2,10,18,0,0,2
SINGY,10.16,5.12,6.04,15.63,12.94,0,1,5,0,0,2
MARUY,238,-5.33,24.51,278.7,13.34,1,3,6,0,0,2
SPOT,696.4,111.05,309.93,2247.45,6.17,2,8,15,1,5,9
ITOCY,116.33,11.14,23.98,123.65,12.58,0,2,5,0,0,2
MITSY,492.26,-30.46,38.11,737.75,13.67,1,5,8,0,0,2
SCVL,23.22,27.38,30.88,64.25,11.91,0,1,5,0,0,2
KHC,26.13,9.22,9.56,38.43,12.51,-2,1,5,0,0,2
DAL,59.87,45.23,59.89,146.29,11.45,0,2,5,0,1,2
NVDA,177.82,32.34,98.18,860.66,1.74,2,10,18,1,3,6
MSFT,509.9,160.55,348.5,1103.17,8.38,1,7,12,0,1,2
AAPL,234.07,65.41,101.32,274.32,5.69,0,1,5,1,3,5
AMZN,228.15,60.86,97.15,237.58,9.9,1,5,9,0,1,2
META,755.59,274.06,791.58,4506.59,7.41,2,10,17,0,2,3
AVGO,359.87,14.75,48.38,338.99,10.74,2,10,18,0,0,2
GOOGL,240.8,89.11,179.98,524.05,8.54,1,6,11,0,1,2
GOOG,241.38,89.2,180.17,524.59,8.54,1,6,11,0,1,2
TSLA,395.94,25.93,28.79,50.72,11.36,0,1,5,0,1,2
V,339.43,102.6,185.43,406.99,8.52,1,4,8,0,1,2
LLY,755.39,145.66,412.5,2319.03,9.37,2,10,18,0,1,2
NFLX,1188.44,198.08,371.54,1317.94,10.3,2,7,13,0,1,2
XOM,112.16,61.29,70.48,148.12,11.37,0,1,5,0,0,2
MA,580.41,147.36,329.03,1415.68,5.68,1,6,10,0,2,4
WMT,103.49,23.19,32.28,83.83,11.19,1,2,5,0,1,2
COST,967.9,195.1,310.42,596.76,9.33,1,2,5,0,1,2
JNJ,178.06,66.54,82.5,153.32,10.62,0,2,5,0,1,2
HD,422.69,119.55,162.9,346.65,10.48,0,2,5,0,1,2
PG,157.9,52.94,60.95,120.98,10.97,0,1,5,0,1,2
ABBV,218.34,13.06,22.18,78.84,11.56,0,2,5,0,1,2
CVX,157.11,50.4,55,126.88,11.63,-1,1,5,0,0,2
GE,281.69,44.32,66.55,176.13,11.14,1,4,8,0,1,2
AMD,158.57,11.38,17.79,67.41,12.12,1,6,11,0,0,2
CSCO,66.53,20.38,26.36,54.98,11.23,1,2,5,0,1,2
CRM,242.76,68.17,94.05,212.35,10.99,1,4,7,0,1,2
PM,166.11,40.92,62.21,139.98,10.5,1,3,5,0,1,2
IBM,253.44,30.01,39.3,128.06,11.93,0,1,5,0,0,2
UNH,352.51,198.92,300.8,859.9,11.49,1,3,6,0,0,2
INTU,646.03,147.51,272.21,956.8,10.35,2,7,13,0,1,2
LIN,482.04,90.47,106.07,237.42,11.41,0,1,5,0,0,2
MCD,305.4,79.88,97.51,192.38,10.16,0,1,5,0,1,2
DIS,115.96,18.55,25.18,86.95,12.46,0,1,5,0,0,2
RTX,155.85,6.43,36.8,337.02,12.67,2,8,14,0,0,2
NOW,928.96,82.19,197.79,1015.43,8.89,2,10,18,0,2,3
T,29.57,3.01,5.54,32.18,12.13,0,1,5,0,0,2
PEP,143.53,41.13,49.86,124.65,11.39,0,1,5,0,1,2
UBER,95.89,8.9,19.49,114.3,11.61,2,8,14,0,1,2
BKNG,5458.32,2040.98,4548.02,18449.9,6.13,1,5,9,1,5,9
TMO,479.46,64.84,80.43,247.66,12.31,0,1,5,0,0,2
VZ,43.97,12.57,18.09,70.74,11.89,0,1,5,0,0,2
ISRG,449.68,65.41,114.21,433.71,10.81,2,8,14,0,0,2
GEV,625.55,42.82,63.17,116.17,10.05,1,2,5,0,2,4
ACN,238.54,125.03,143.63,250.98,10.44,0,1,5,0,1,2
TXN,182.6,28.39,28.48,57.31,11.1,-3,1,5,0,1,2
SPGI,544.23,98.79,196.11,721.14,10.86,1,6,11,0,0,2
BLK,1123.41,396.45,674.2,2227.15,10.88,1,6,11,0,0,2
AMGN,276.39,12.44,111.52,985.92,11.99,2,9,15,0,0,2
BSX,102.71,8.65,22.85,134.43,11.6,2,8,14,0,0,2
ADBE,349.36,163.43,329.13,800.11,7.95,1,5,9,0,2,3
AMAT,167.8,84.89,107.65,174.66,9.21,0,1,5,0,1,2
NEE,71.64,-26.62,-27.01,-6.46,12.93,-3,1,5,0,0,2
HON,211.46,53.3,73.88,187.11,11.63,1,2,5,0,0,2
GILD,114.55,57.06,77.82,144.39,10.22,1,3,5,0,1,2
TJX,139.48,50.21,85.68,195.97,6.93,0,2,5,1,2,4
SYK,383.34,69.86,115.49,346.32,11.17,1,5,8,0,0,2
BWMX,13.4,12.34,19.92,63.63,12.16,1,4,7,0,1,2
SHAK,100.77,10.89,20.15,87.11,11.23,2,7,12,0,1,2
MPNGY,24.54,18.97,37.35,195.24,10.7,2,10,18,0,1,2
CL,83.28,35.32,49.37,88.87,9.29,0,1,5,0,1,2
DKNG,43.98,-6.14,-10.16,18.63,15.77,2,10,18,0,1,2
ADM,61.57,1.41,2.93,59.37,13.7,-3,1,5,0,0,2
ABNB,122.55,50.42,100.55,413.36,5.95,1,5,10,1,5,9
ETN,365.9,70.55,101.06,242.51,11.27,1,3,6,0,0,2
CMG,38.63,14.38,34.02,137.58,6.97,1,7,12,0,2,4
BIDU,114.78,62.11,62.4,111.61,12.08,-3,1,5,0,0,2
CVS,74.98,5.78,21.19,167.95,12.91,0,2,5,0,0,2
QCOM,161.83,78.48,116.34,239.76,9.86,1,4,7,0,1,2
HCA,405.13,151.81,314.55,1176.42,11.36,1,4,8,0,1,2
TEVA,19.93,6.72,11.97,42.87,12.41,1,3,5,0,0,2
PLTR,171.43,3.44,7.18,56.17,6.04,2,10,18,1,5,9
COIN,323.04,100.83,268.27,1875.14,6.62,2,10,18,0,1,2
F,11.68,-21.57,-18.66,6.23,12.66,0,2,5,0,0,2
TCEHY,82.3,22.86,32.14,76.55,11.4,1,4,7,0,0,2
BABA,155.06,71.4,89.37,175.02,11.22,1,3,5,0,0,2
UAA,4.85,-1.23,-1.06,2.15,16.8,-3,1,5,0,0,2
DNUT,3.16,-5.38,-5.28,-2.93,16.19,-1,1,5,0,0,2
M,16.95,14,14.91,47.95,12.24,-3,1,5,0,0,2
FLUT,281.09,3.41,36.02,461.58,13.69,2,9,15,0,0,2
WBD,18.87,-14.13,-13.95,-11.09,15.82,-3,1,5,0,0,2
SNOW,221.15,-10.65,-24.7,63.51,16.53,2,10,18,1,3,6
TEAM,174.87,5.24,12.35,133.26,9.67,2,9,16,1,5,9
PYPL,66.89,49.45,66.44,127.06,10.49,1,3,5,0,1,2
GCO,33.19,13.19,17.77,82.43,13.45,0,1,5,0,0,2
JILL,17.94,34.79,40.77,78.99,11.02,0,1,5,0,1,2
YUMC,43.97,27.45,31.98,60.15,10.98,0,1,5,0,1,2
GDS,38.21,-16.53,-15.19,-3.53,15.5,1,2,5,0,0,2
DPZ,452.05,76.66,214.25,491.72,8.34,1,2,5,0,2,3
ALSN,88.41,71.65,98.72,204.77,10.9,1,3,5,0,1,2
SEG,26,-19.54,-20.41,5.96,20.16,-3,1,5,0,0,2
STZ,139.49,70.72,88.44,224.5,11.33,0,1,5,0,0,2
VST,209.7,34.48,62.81,192.82,11.4,1,3,6,0,0,2
CAT,431.52,100.93,103.95,257.55,11.19,-3,1,5,0,1,2
HOOD,115.03,14.32,28.89,136.7,9.81,2,10,18,0,0,2
CCL,31.51,-1.01,13.07,136.6,12.73,2,7,13,0,0,2
CPNG,32.41,5.25,16.42,70.99,7.43,1,6,10,1,5,9
ULTA,514.62,303.99,457.07,792.26,8.09,0,1,5,0,2,3
PZZA,50.41,4.01,5.85,38.12,11.69,-2,1,5,0,1,2
WEN,9.66,1.03,2.99,21.66,12.77,0,1,5,0,0,2
KSS,15.3,6.51,7.17,58.65,14.32,-3,1,5,0,0,2
CPB,33.23,2.88,7.06,46.89,12.74,0,1,5,0,0,2
HSY,185.01,87.77,101.96,196.03,10.66,0,1,5,0,1,2
CRI,29.6,43.17,44.61,95.93,11.65,-3,1,5,0,1,2
RGTI,19.09,-0.18,-0.08,0.62,14.1,-3,1,5,1,5,9
QBTS,17.76,-0.5,-0.52,0.45,14.11,0,1,5,1,5,9
QUBT,17.01,-0.06,-0.24,0.49,24.19,0,2,5,-2,0,2
FICO,1544.05,183.43,465.99,1499.07,8.61,1,6,11,0,1,2
U,43.55,-7.91,-7.77,-1.43,18.17,-3,1,5,0,0,2
RDDT,254.29,-2.37,-12.79,26.94,16.81,2,10,18,0,2,3
ICE,173.97,28.37,88.49,544.89,11.31,2,8,15,0,0,2
SFM,135.98,50.4,94.32,273.7,9.63,1,6,10,0,1,2
SFD,24.43,11.8,12.19,32.72,12.22,-3,1,5,0,0,2
MTCH,37.75,15.64,20.68,49.1,11.1,0,2,5,0,1,2
JKS,25.09,-80.19,-76.51,-26.38,15.55,-3,1,5,0,1,2
CP,75.08,13.74,38.73,205.75,11.42,2,7,13,0,0,2
TGT,89.96,60,72.88,194.53,11.32,-1,1,5,0,1,2
CRWD,436.1,11.93,17.48,153.27,9.41,2,10,18,1,5,9
PANW,196.29,21.1,38.18,114.65,9.48,1,7,12,0,2,3
ZM,83.98,49.34,65.32,100.88,7.88,0,1,5,1,4,7
AMWD,68.32,29.88,30.01,103.53,12.84,-3,1,5,0,0,2
DG,104.4,30.08,46.02,163.11,12.07,0,2,5,0,1,2
WDAY,223.39,34.41,50.78,156.3,11.07,2,7,13,0,1,2
KR,68.29,21.85,28.84,103.95,11.52,-2,1,5,0,1,2
ROST,147.9,73.95,117.13,205.81,8.06,0,2,5,0,2,3
DE,470.51,8.98,4.76,262.29,12.89,-3,1,5,0,0,2
DIN,23.9,-6.06,-4.43,73.75,13.31,-2,1,5,0,0,2
INTC,24.08,-10.83,-10.7,-4.67,16.13,-2,1,5,0,0,2
MO,66.65,37.16,47.71,86,9.03,-2,1,5,0,1,2
ASML,813.87,248.35,368.79,771.37,6.84,0,1,5,1,2,4
SBUX,81.9,26.67,49.65,121.92,7.08,0,1,5,1,3,5
TTAM,15.72,7.45,8.87,20.48,11.76,0,1,5,0,0,2
MCEM,232,162.97,256.89,769.61,11,1,6,10,0,1,2
DELL,125.04,36.47,64.78,230.63,11.68,1,4,6,0,1,2
EA,172.38,44.3,48.19,87.88,11.05,-1,1,5,0,1,2
LYV,173.73,18.99,29.96,73.4,10.82,0,1,5,0,2,3
TM,196.13,56.18,113.96,425.33,11.78,1,3,5,0,0,2
RACE,478,99.42,170.13,464.1,9.96,1,6,10,0,1,2
LMT,471.31,145.23,206,523.37,11.33,1,2,5,0,1,2
BBWI,27.21,28.36,33.22,67.86,10.35,-1,1,5,0,1,2
GRND,16.07,3.27,13.04,88.06,7.46,2,10,18,0,2,4
DVN,34.77,36.21,47.26,100.1,10.97,0,2,5,0,1,2
UAL,106.58,71.68,108.23,293.32,11.72,1,3,5,0,1,2
DVA,133.17,42.76,95.63,386.41,11.96,1,3,5,0,0,2
STLD,130.65,63.12,63.45,153.91,11.89,-3,1,5,0,0,2
UPS,84.35,53.73,64.65,150.68,11.33,0,1,5,0,1,2
ENPH,37.63,6.74,7.43,12.77,11.13,-3,1,5,1,2,4
GIS,49.92,9.49,11.56,55.09,12.25,-1,1,5,0,0,2
HII,274.71,16.38,29.83,192.43,13.01,0,1,5,0,0,2
OKTA,90.34,7.95,7.4,24.22,15.37,2,7,12,0,0,2
NCLH,26.65,-7.6,2.56,80.25,13.26,1,5,9,0,0,2
XYZ,72.87,28.48,38.61,104.86,11.88,1,5,8,0,0,2
MSTR,331.44,-25.96,-25.91,-24.95,17.14,-3,1,5,0,0,2
APP,582,42.83,139.07,783.06,8.41,2,10,18,0,1,2
FTNT,79.68,24.94,52.77,227.69,5.96,1,6,10,1,5,9
HIMS,55.5,4.14,13.73,108.79,7.15,2,10,18,1,3,6
DUOL,307.91,32.72,75.75,658.35,6.03,2,10,18,1,5,9
MRVL,67.35,-5.29,-5.51,-1.54,16,0,2,5,0,0,2
PINS,35.03,5.89,8.6,32.26,11.24,2,9,15,0,1,2
LVS,53.5,11.01,21.76,78.6,11.69,1,4,7,0,1,2
NKE,73,15.63,16.15,32.77,11.29,-3,1,5,0,1,2
SNAP,7.34,-2.06,-3.17,3.43,16.39,2,7,13,0,0,2
SG,8.49,-1.04,-2.69,7.83,16.71,2,7,13,0,0,2
ROKU,94.52,8.51,5.84,54.69,15.43,2,8,14,0,1,3
DOCU,80.19,14.84,22.24,42.04,9.29,1,4,6,0,2,4
GRAB,6,1.29,1.3,2.81,13.09,2,8,15,0,2,4
OXY,45.67,-0.39,-0.14,34.57,12.17,-3,1,5,0,0,2
QSR,62.92,7.9,47.57,403.2,11.96,2,9,16,0,0,2
LRCX,116.96,44.62,136.57,883.83,7.2,2,10,18,0,2,3
ADP,293.5,109.94,193.2,363.66,8.23,1,3,6,0,2,3
KLAC,964.02,339.74,1074.28,7100.35,7.13,2,10,18,0,2,3
CMCSA,33.06,18.58,24.15,73.79,11.73,0,1,5,0,0,2
DASH,257.98,12.35,16.61,88.9,12.63,2,10,18,0,2,3
ADI,245.21,10.57,10.07,36.52,13.3,-3,1,5,0,0,2
MELI,2339.36,456.09,1672.76,11327.83,7.56,2,10,18,1,3,5
MDLZ,61.98,22.46,26.87,67.72,11.84,0,1,5,0,0,2
MAR,266.5,62.43,91.71,194.16,10.29,1,2,5,0,1,2
REGN,560,363.11,486.82,1013.72,10.78,1,4,7,0,0,2
KDP,27.23,4.97,7.78,29.81,12.44,0,2,5,0,0,2
DDOG,136.5,9.31,18.83,103.4,8.81,2,10,18,1,5,9
BKR,46.49,22.52,33.63,94.42,11.52,1,4,7,0,0,2
FANG,136.88,96.64,279.78,1708.17,10.25,2,10,18,0,0,2
AZN,79.56,17.51,40.51,233.23,11.9,2,8,14,0,0,2
TRI,172.99,28.06,37.57,83.28,11.61,1,3,5,0,0,2
CDNS,343.48,43.53,72.32,215.04,10.45,1,6,11,0,1,2
SNPS,425.45,82.42,130.14,405.25,10.66,2,7,12,0,1,2
HON,211.46,53.3,73.88,187.11,11.63,1,2,5,0,0,2
TAK,15.1,-1.99,0.39,16.31,12.81,1,3,6,0,0,2
DUK,121.95,-45.25,-32.1,66.07,12.85,0,2,5,0,0,2
KKR,143.34,36.94,78.67,427.46,8.24,2,10,18,1,5,9
TT,400.77,116.01,196.88,590.5,10.53,1,6,10,0,1,2
BMY,46.2,0.74,6.85,41.63,12.24,1,3,5,0,1,2
WM,218.16,16.02,43.59,187.41,11.7,1,4,6,0,0,2
MMM,157.87,54.51,63.06,127.14,11.21,0,1,5,0,1,2
NOC,575.96,139.01,186.88,507.39,11.95,0,2,5,0,0,2
AXON,756.13,1,9.07,130.53,11.97,2,10,18,0,0,2
PWR,382.53,41.56,86.5,445.42,11.93,1,6,11,0,0,2
BDX,186.84,3.03,16.44,116.83,12.49,0,2,5,0,0,2
EBAY,90.8,35.58,41.16,74.82,10.59,0,1,5,0,1,2
ROK,344.93,26.27,25.75,93.8,12.62,-3,1,5,0,0,2
NRG,164.84,14.65,19.3,120.03,12.56,-2,1,5,0,0,2
DD,77.29,14.5,18.57,58.29,12.59,0,1,5,0,0,2
AWK,139.28,-10.01,19.21,197.12,12.27,1,5,9,0,0,2
DLTR,97.45,43.43,58.61,133.59,11.09,0,2,5,0,1,2
EL,83.65,4.09,4.08,28.25,13.05,-3,1,5,0,0,2
ABT,133.73,23.92,30.13,67.49,11.74,0,2,5,0,0,2
TPL,937.17,219.88,442.22,1288.61,7.23,1,5,9,0,1,3
BBY,75.87,59.76,89.59,176.62,8.59,-3,1,5,0,2,4
ALB,75.98,-58.17,-57.33,-31.83,17.84,-3,1,5,0,0,2
CRL,152.89,7.3,9.95,83.78,13.2,-2,1,5,0,0,2
MHK,136.06,38.76,42.22,139.24,12.44,-2,1,5,0,0,2
VSCO,26.44,15.82,20.31,65.6,12.43,0,1,5,0,1,2
BN,67.8,-172.43,-174.24,-92.71,15.15,-3,1,5,0,0,2
BEP,25.32,-86.92,-79.63,6.48,15.05,2,7,13,0,0,2
SRFM,4.39,-8.81,-14.84,24.9,9.09,2,10,18,1,5,9
GME,24.93,10.56,10.9,12.9,14.72,-3,1,5,0,2,3
CME,262.3,87.98,124.19,251.49,10.24,1,4,7,0,0,2
MCO,512.31,126.64,305.75,1413.22,9.77,2,9,16,0,1,2
NDAQ,93.95,10.97,42.13,357.08,11.82,2,10,18,0,0,2
IBKR,63.7,37,107.25,470.14,8.16,2,9,15,0,2,3
FUTU,185.89,62.29,184.26,1220.28,7.06,2,10,18,1,3,6
MORN,257.14,74.72,119.56,352.78,11.08,1,5,9,0,1,2
ARES,182.79,-27.87,-23.2,15.69,14.62,1,3,6,0,0,2
BRO,93.54,21.1,38.37,140.54,11.7,1,5,10,0,0,2
SWK,77.57,2.2,3.66,69.99,13.59,-2,1,5,0,0,2
CHRW,132.41,27.75,34.68,109.46,12.11,0,1,5,0,0,2
PNR,110.95,26.31,29.82,70.28,11.98,0,1,5,0,0,2
SHW,360.1,67.78,81.25,197.15,11.39,0,1,5,0,1,2
VFC,14.86,-4.26,-4.16,6.05,14.08,-3,1,5,0,0,2
FLWS,5.39,-4.99,-4.53,3.49,17.14,-3,1,5,0,0,2
TAP,48.42,27.95,32.74,106.38,12.46,-1,1,5,0,0,2
KLG,22.98,5.89,6.73,25.27,12.69,-2,1,5,0,0,2
FLXS,48.94,50.71,66.41,150.65,11.63,1,3,5,0,1,2
BB,3.9,0.34,0.34,0.64,15.55,-3,1,5,0,0,2
HP,21.08,11.12,10.94,38.09,12.3,-3,1,5,0,0,2
WDC,97.66,46.83,116.91,685.03,10.26,2,10,18,0,0,2
HHH,81.55,4.98,110.53,919.23,10.06,2,10,18,0,0,2
DHR,190.05,25.89,31.15,83.8,11.96,0,1,5,0,0,2
MDT,94.03,19.47,25.78,70.92,12,0,2,5,0,0,2
CBRE,164.02,18.47,39.48,210.64,11.89,1,5,10,0,0,2
MKC,68.95,9.69,12.73,47.42,12.72,0,1,5,0,0,2
TSN,55.13,0.99,6.07,72.84,13.4,0,1,5,0,0,2
SE,196.05,20.6,53,308.74,8.54,2,10,18,1,3,5
TME,25,6.76,7.41,12.47,11.39,0,1,5,0,0,2
HE,12.1,-44.99,-47.73,-8.13,18.6,-2,1,5,0,0,2
PBT,17.69,3.64,4.87,12.35,5.19,-3,1,5,1,5,9
ARIS,24.06,-1.04,4.11,36.85,12.65,1,4,8,0,0,2
TRC,16.67,-2.16,-2.11,-0.76,17.61,-3,1,5,0,0,2
TFPM,28.65,5.59,12.26,67.95,10.68,2,10,18,0,0,2
WPM,106.63,16.55,35.5,174.95,9.95,2,10,18,0,0,2
FNV,200.4,31.08,31.24,47.38,10.5,-3,1,5,0,0,2
LB,53.4,-5.43,-6.13,-1.33,15.25,2,10,18,0,0,2
EQIX,788.61,-9.85,23.33,228.55,12.74,1,3,5,0,0,2
CVNA,361.77,29.77,102.11,1077.82,12.82,2,10,18,0,0,2
TOST,39.95,3.95,13.62,101.77,8.73,2,10,18,1,5,9
TTAN,113.37,-5.36,-13.17,21.92,16.87,2,10,18,0,0,2
KVYO,31.19,1.72,1.02,15.15,14.06,2,10,18,1,2,4
HWM,185.77,23.82,41.22,140.76,11.44,1,5,10,0,0,2
FI,134.32,34.24,59.16,183.63,11.78,1,3,6,0,0,2
EFX,256.25,17.15,37.58,159.39,12.41,1,4,6,0,0,2
LNG,236.09,43.91,42.1,188.76,11.86,-3,1,5,0,0,2
CSGP,86.8,8.8,9.05,13.13,12.54,1,5,9,0,0,2
NTRA,168.51,-0.5,-5.52,33.71,15.3,2,10,18,0,1,2
WWD,238.17,42.99,79.4,340,11.88,1,6,11,0,0,2
COHR,102.99,-12.65,14.9,399.96,13.3,2,10,18,0,0,2
YPF,27.08,15.67,36.99,195.9,12.58,1,6,10,0,1,2
WAB,188.82,47.14,69.92,192.82,11.89,1,3,6,0,0,2
WIX,171.63,27.17,66.76,292.54,6.74,1,6,10,1,5,9
STX,195.99,63.72,179.74,1042.18,9.76,2,10,18,0,1,2
CCCS,9.78,0.09,0.37,3.07,14.96,1,4,7,0,0,2
WNS,75.63,27.36,30.23,62.42,11.83,-1,1,5,0,1,2
G,42.52,25.69,34.53,79.83,11.7,1,3,5,0,0,2
CTSH,69.17,46.98,52.95,102.01,11.39,0,1,5,0,0,2
MMYT,97.81,15.71,27.16,135.6,11.61,2,9,17,0,1,2
RDY,14.66,7.97,14.59,60.06,11.18,2,7,13,0,0,2
CACC,474.44,-320.1,-179.13,774.75,11.8,1,6,11,0,0,2
CFLT,19.24,-2.15,-6.93,8.53,19.38,2,10,18,0,1,2
PCG,15.45,-14.57,-13.35,5.36,13.95,0,1,5,0,0,2
TSEM,66.04,20.79,22.34,36.13,11.73,0,1,5,0,1,2
ETR,90.29,-28.32,-26.75,17.66,13.04,-1,1,5,0,0,2
MTSI,131.87,8.76,12.95,44.11,12.36,1,6,10,0,0,2
AMT,195.08,-19.92,-12.19,57.74,11.81,0,1,5,0,0,2
COP,92.43,49.49,52.09,112.71,11.42,-2,1,5,0,1,2
HTHT,37.16,22.96,42.77,97.34,7.57,1,4,7,1,3,5
MDB,330.1,17.68,10.34,67.39,16.1,2,9,15,0,1,2
TWLO,102.33,8.05,8.1,20.24,15.69,1,3,6,0,0,2
NTNX,79.23,2.33,7.09,33.26,9.73,2,7,12,1,5,9
FWONK,99.44,7.76,9.15,25.9,14.01,0,1,5,0,0,2
QRVO,86.81,12.11,13.59,42.88,13.17,-1,1,5,0,0,2
AFRM,83.08,-10.65,-3.31,111.59,14.35,2,10,18,0,0,2
USM,77.01,-24.55,-24.02,-5.4,15.78,-3,1,5,0,0,2
DT,49.03,8.55,13.59,54.25,11.18,2,8,15,0,1,2
MSGE,44.27,4.35,5.22,27.29,13.02,-1,1,5,0,0,2
FUN,23.45,-24.5,5.67,386.19,12.89,2,10,18,0,0,2
SPHR,58.33,-48.58,-67.73,39.63,14.63,2,10,18,0,0,2
TTD,45.15,12.05,27.08,131.09,8.75,2,10,18,0,2,3
AER,122.27,-175.54,-164.06,-51.56,13.61,0,2,5,0,0,2
EGO,28.06,17.93,39.69,225.88,10.7,2,10,18,0,0,2
IAG,11.16,6.97,18.55,103.99,9.62,2,10,18,0,0,2
MHO,154.1,192.45,302.97,974.9,11.67,1,5,9,0,0,2
PK,11.95,-13.02,-13.23,-0.73,15.08,-3,1,5,0,0,2
VRSN,285.52,81.48,141.87,404.98,5.25,0,2,5,1,5,9
GTM,11.66,-0.59,-0.56,0.37,13.74,-2,1,5,0,0,2
EXEL,39.15,27.24,57.03,191.71,8.68,2,7,13,0,1,2
KGC,23.28,10.29,23.58,123.29,10.35,2,10,17,0,1,2
AEM,153.25,54.46,123.08,682.01,10.47,2,10,18,0,0,2
DBX,30.91,12.3,22.56,61.86,6.57,0,1,5,1,5,9
TW,117.92,31.37,66.62,344.17,10.29,2,10,18,0,0,2
INSM,145.93,-16.08,-27.34,11.22,12.92,2,9,15,1,5,9
TAL,10.96,6.1,8.2,35.28,11.73,2,10,18,1,5,9
JOYY,62.53,38.02,38.32,49.7,13.37,-3,1,5,0,0,2
NOAH,11.8,17.15,17.02,24.76,12.78,-3,1,5,0,0,2
AS,36.37,4.63,9.72,65.71,13.35,2,8,14,0,0,2
MOMO,7.48,8.68,8.62,17.21,12.48,-3,1,5,0,0,2
GPI,466.32,126.86,428.54,2971.52,12.68,1,5,9,0,0,2
LAD,334.06,-134.29,192.92,4294.72,13.67,2,7,13,0,0,2
DY,257.84,54.41,106.95,512.08,12.25,1,6,10,0,0,2
CZR,25.09,-1.6,-0.06,87.72,15.02,-1,1,5,0,0,2
ET,17.45,-3.46,0.54,30.93,12.9,0,2,5,0,0,2
LHX,279.2,10.98,44.69,290.15,12.88,1,4,8,0,0,2
GLW,77.04,1.69,3.53,18.92,12.87,0,2,5,0,0,2
GPOR,174,-13.02,-13.64,31.04,14.17,-3,1,5,0,1,2
SGI,84.08,0.97,3.22,29.63,12.66,0,1,5,0,0,2
MSC,4.41,-9.36,-7.96,17.16,14.77,2,10,18,0,0,2
TDS,39.22,-42.36,-41.91,-25.33,15.82,-3,1,5,0,0,2
SATS,74.89,-76.94,-76.26,-62.61,16.09,-3,1,5,0,0,2
HLT,274.73,40.26,67.11,153.02,10.25,1,3,5,0,1,2
SIRI,23.28,0.8,1.23,39.19,12.91,-2,1,5,0,0,2
EW,77.57,24.4,31.82,67.83,11.39,1,4,7,0,0,2
HES,148.97,115.44,280.58,1368.29,9.97,2,9,16,0,1,2
CHTR,263.4,-112.26,-44.12,735.16,12.65,0,1,5,0,0,2
BLDR,142.73,48.76,49.5,145.66,11.92,-3,1,5,0,1,2
FPH,5.96,-7.14,-5.23,6.97,12.05,1,6,10,0,0,2
LXU,8.01,-4.6,-4.54,-2.93,16.59,-3,1,5,0,0,2
WFG,75.52,12.5,13.27,35.19,13.65,-3,1,5,0,0,2
CVCO,544.99,236.67,355.65,1061.72,11.12,1,6,10,0,1,2
WLK,88.13,23.65,24.59,83.49,12.76,-3,1,5,0,0,2
AXR,23.68,19.59,19.4,32.76,12.51,-3,1,5,0,0,2
MT,34.75,12.79,13.26,50.04,13.1,-3,1,5,0,0,2
SKY,74.7,43.13,87.07,537.5,11.13,2,10,18,0,1,2
IIIN,38.6,11.14,11.33,21.72,13.02,-3,1,5,0,1,2
SU,41.72,36.39,46.98,96.94,11.13,1,2,5,0,1,2
PSX,130.78,-25.82,-21.14,74.29,13.92,-2,1,5,0,0,2
ETSY,58.94,19.75,41.37,89.4,7.97,0,1,5,1,3,6
LUV,31.66,7.4,9.17,30,14.43,1,3,5,0,0,2
SAP,257.16,60.73,86.7,222.7,11.53,1,4,8,0,0,2
CNC,33.26,38.14,51.63,185.29,12.79,0,2,5,0,0,2
MCK,711.42,522.03,3385.79,30509.49,6.24,2,7,13,1,5,9
MRK,82.81,56.46,78.32,151.8,10.32,1,3,5,0,1,2
IQV,187.22,15.7,28.72,150.93,12.51,0,1,5,0,0,2
WTW,338.79,116.42,150.06,351.98,11.89,0,2,5,0,0,2
CBOE,234.21,83.92,119.16,271.45,10.9,1,4,7,0,1,2
AAL,12.91,-5.84,-1.57,54.89,13.43,0,1,5,0,0,2
HUBB,437.43,125.43,159.76,346.58,11.44,0,2,5,0,0,2
IMO,90.92,59.31,68.04,139.73,11.27,0,1,5,0,1,2
FMX,92.31,65.7,103.93,356.91,11.96,1,5,9,0,0,2
NSC,274.72,83.38,99.68,245.59,11.37,0,1,5,0,0,2
NEM,79.25,44.85,116.86,643.01,9.45,2,10,18,0,0,2
SLB,35.57,26.67,41.38,114.71,11.16,1,4,8,0,0,2
UHS,191.72,125.11,227.77,856.88,11.66,1,5,9,0,0,2
SNY,47.03,29.45,42.83,111.62,11.62,1,4,7,0,0,2
JCI,107.53,8.44,12.25,48.69,12.57,0,1,5,0,0,2
GSK,40.83,17.63,22.06,55.69,12.09,0,2,5,0,0,2
SONY,29.21,9.73,11.04,24.21,11.56,0,1,5,0,1,2
FLEX,57.29,15.03,16.63,48.33,12.23,-2,1,5,0,1,2
FDX,229.55,103.39,127.6,391.27,12.26,0,1,5,0,0,2
MGM,34.55,26.96,41.87,119.55,11.76,1,3,5,0,1,2
CAVA,63.63,7.89,14.84,75.64,10.43,2,10,18,0,1,2
CRWV,111.96,-8,-1.08,63.62,11.22,2,10,18,0,1,2
CRCL,125.32,9.07,22.33,118.72,6.48,2,7,12,1,5,9
OPEN,9.07,-3.54,-3.43,-0.84,18.23,-3,1,5,0,0,2
SBET,17.7,-0.07,-0.07,0.01,26.88,-3,1,5,-2,0,2
FIG,53.07,-6.52,-13.14,14.44,12.05,2,10,18,1,5,9
TMUS,241.72,45.79,67.12,207.5,11.86,0,2,5,0,0,2
AMC,2.81,-6.76,-6.65,-4.93,16.41,-3,1,5,0,0,2
TWNP,4.08,-7.61,-7.87,6.51,15.15,2,10,18,0,0,2
SKX,63.13,47.16,74.54,247.61,11.49,1,5,10,0,0,2
TASK,17.36,6.21,8.72,25.03,12.55,1,3,6,0,1,2
NVEE,22.56,0.92,2.86,21.38,13.99,1,4,8,0,0,2
FL,24.01,11.43,13.06,42.57,12.8,-2,1,5,0,0,2
ZK,29.1,-22.06,-28.73,414.88,8.75,2,10,18,1,5,9
K,79.43,16.57,17.47,52.73,11.95,-2,1,5,0,0,2
CBRL,51.17,-0.46,4.18,66.86,13.22,0,1,5,0,0,2
ANET,139.39,28.36,71.18,492.43,5.35,2,9,16,1,5,9
APH,118.68,20.33,48,269.2,10.6,2,10,17,0,0,2
UL,62.89,25.16,29.78,73.49,11.97,0,1,5,0,0,2
SHEL,71.34,50.21,50.05,121.62,12.7,-3,1,5,0,0,2
TTE,61.14,53.12,53.5,123.83,11.76,-3,1,5,0,0,2
UNP,214.91,70.48,85.45,190.86,10.89,0,1,5,0,0,2
WELL,169.13,-7.3,5.21,161.53,13.42,2,10,17,0,0,2
CEG,323.48,64.19,62.97,156.28,12.53,-3,1,5,0,0,2
MMC,202.93,50.86,81.43,227.85,11.46,1,3,6,0,0,2
PH,758.78,146.22,169.27,404.4,11.66,0,1,5,0,0,2
NTES,152.8,81.51,114.59,273.69,6,0,1,5,1,5,9
RCL,336.42,41.66,149.34,1049.46,11.82,2,8,15,0,0,2
GD,326.15,107.48,193.22,768.54,11.64,1,6,10,0,0,2
TT,400.77,116.01,196.88,590.5,10.53,1,6,10,0,1,2
BAM,56.57,0.27,0.72,7.34,14.45,2,10,18,0,0,2
SCCO,106.18,57.49,123.91,416.69,8.94,2,7,12,0,1,2
AON,371.95,139.54,293.64,1259.93,10.53,2,8,14,0,1,2
CTAS,202.37,41.69,57.49,113.01,10.46,1,3,5,0,1,2
CI,302.76,-86.99,-48.15,1927.7,14.37,2,10,18,0,0,2
TRI,172.99,28.06,37.57,83.28,11.61,1,3,5,0,0,2
ECL,272.62,41.81,51.5,128.68,11.74,0,1,5,0,0,2
NET,221.32,-0.35,-1.58,15.09,14,2,10,18,0,2,3
ITW,263.36,82.01,92.1,173.53,10.37,-1,1,5,0,1,2
AJG,297.28,74.78,124.29,460.07,11.6,1,7,12,0,0,2
CRH,113.39,30.14,36.19,100.25,12.46,0,1,5,0,0,2
EMR,135.1,17.71,44.7,244.43,11.83,2,7,12,0,0,2
AZO,4322.15,1388.24,2821.18,5563.15,7.92,1,3,5,0,2,3
WMB,58.81,-5.41,1.17,39.17,12.4,1,4,6,0,0,2
TDG,1271.45,191.8,767.35,5399.23,11.11,2,9,16,0,1,2
INFY,16.96,9.19,12.74,20.95,8.8,0,2,5,0,1,3
APD,292.82,15.97,15.44,89.28,11.91,-3,1,5,0,0,2
EOG,118.16,126.71,147.83,236.16,9.77,0,1,5,0,1,2
FCX,44.72,27.1,48.22,150.11,10.77,1,5,9,0,0,2
MNST,64.69,17.45,21.75,36.34,10.11,0,2,5,0,1,2
TRV,278.93,77.31,99.57,258.07,13.11,1,5,10,0,2,3
TEL,209.82,57.33,63.16,131.1,11.3,-1,1,5,0,1,2
NSC,274.72,83.38,99.68,245.59,11.37,0,1,5,0,0,2
KMI,27.58,-2.48,-1.79,10.43,11.64,-1,1,5,0,0,2
AMX,20.34,12.68,19.46,54.92,12,1,3,5,0,1,2
CSX,32.47,10.9,13.09,32.13,11.26,0,1,5,0,0,2
URI,938,267.86,421.55,1118.66,11.32,1,3,6,0,0,2
DLR,173.5,-32.06,-30.64,-9.16,14.3,0,1,5,0,0,2
PSA,292.32,15.23,32.6,128.69,11.28,0,2,5,0,0,2
VLO,156.72,37.91,42.31,181.72,12.38,-3,1,5,0,0,2
B,29.03,13.32,25.8,96.4,11.15,1,6,11,0,0,2
PAYX,135.11,39.52,52.4,100,10.48,1,2,5,0,1,2
CTVA,74.29,18.53,19.66,43.2,12.41,-1,1,5,0,0,2
D,60.05,-24.4,-17.96,27.88,13.06,1,2,5,0,0,2
COR,302.52,211.71,1131.19,7080.69,6.44,1,5,10,1,4,7
CNI,93.42,28.72,35.04,85.17,11.29,0,1,5,0,0,2
AEP,109.46,-30.95,-21.52,56.76,12.91,0,2,5,0,0,2
AFL,109.13,121.8,131.53,155.36,9.85,0,1,5,1,5,9
CMI,410.27,120.31,141.66,366.88,12.15,0,1,5,0,0,2
DEO,101.72,7.11,12.33,75.86,12.72,0,1,5,0,0,2
NXPI,218.82,46.24,45.89,119.34,11.61,-3,1,5,0,0,2
ROP,512.53,67.83,158.66,761.79,11.86,1,6,11,0,0,2
MPC,180.28,-9.85,-6.16,165.21,12.64,-3,1,5,0,0,2
SRE,83.94,-41.63,-42.24,-13.22,13.62,-3,1,5,0,0,2
FAST,47.45,10.29,12,21.2,10.53,0,1,5,0,1,2
TRP,52.31,-23.61,-18.97,15.63,12.45,0,2,5,0,0,2
PCAR,102.51,42.26,42.55,97.05,11.5,-3,1,5,0,0,2
MET,80.82,128.65,163.42,248.95,9.74,1,2,5,1,5,9
E,34.87,11.19,10.71,54.84,14.73,-3,1,5,0,0,2
CARR,61.67,7.71,25.14,201.73,12.46,2,8,15,0,0,2
LHX,279.2,10.98,44.69,290.15,12.88,1,4,8,0,0,2
ALL,200.39,-16.49,-6.16,151.74,14.42,1,6,10,0,1,2
VRT,134.84,25.84,52.83,226.01,10.75,2,8,13,0,1,2
IDXX,641.14,111.23,156.58,278,9.69,1,3,5,0,1,2
TCOM,73.87,33.85,59.18,248.14,11.17,2,8,15,0,0,2
GWW,1004.06,410.5,522.48,941.42,10.08,0,2,5,0,1,2
AMP,497.08,596.55,682.36,1016.9,9.57,1,5,9,1,5,9
CPRT,48.4,17.14,23.98,47.31,9.85,1,4,8,0,1,2
GRMN,238.08,86.79,171.47,775.47,10.31,2,9,16,0,1,2
TTWO,246.26,-27.27,-30.43,-2.11,16.88,1,2,5,0,0,2
WCN,176.07,14.9,38.67,191.36,12.21,1,5,9,0,0,2
VALE,10.67,11.97,11.92,25.49,11.46,-3,1,5,0,0,2
XEL,73.35,-29.03,-29.51,-2.91,13.6,-3,1,5,0,0,2
HEI,318.89,36.24,101.39,750.99,11.51,2,10,18,0,0,2
KMB,127.99,50.95,57.91,114.35,10.32,-1,1,5,0,1,2
FERG,211.61,69.68,80.29,201.29,12.13,0,1,5,0,1,2
PEG,82.69,24.94,24.49,53.01,12.78,-3,1,5,0,0,2
CUK,28.75,-1.85,12.07,142.82,13.23,2,7,13,0,0,2
TKO,202.44,-60.07,-32.57,346.64,13.29,2,10,18,0,0,2
RMD,270.14,99.76,146.26,327.52,10.29,1,4,8,0,1,2
VMC,294.94,20.22,19.44,82.54,12.52,-3,1,5,0,0,2
FNV,200.4,31.08,31.24,47.38,10.5,-3,1,5,0,0,2
SYY,81.29,17.99,27.57,118.09,12.25,0,1,5,0,0,2
ALC,78.29,13.02,17.41,48.01,12.63,0,2,5,0,0,2
MLM,615.86,188.11,188.24,421.7,11.45,-3,1,5,0,0,2
VRSK,262.2,56.2,88.21,179.47,9.7,1,3,6,0,1,2
UI,604.78,126.24,400.53,3374.92,6.22,2,10,18,0,2,3
KVUE,18.99,5.16,6.24,17.48,12.2,0,1,5,0,0,2
CAH,152.24,76.98,263.94,876.22,7.14,-1,1,5,1,3,5
TRGP,166.38,10.98,21.44,126.99,12.24,0,1,5,0,0,2
WEC,110.52,-29.19,-29.87,11.87,13.22,-3,1,5,0,0,2
PUK,27.85,-2.43,-2.36,-1.22,17.16,-3,1,5,0,0,2
VICI,33.16,10.83,19.03,47.01,10.52,1,3,5,0,0,2
ED,97.55,-24.9,-16.02,60.12,13.18,0,2,5,0,0,2
ONC,324.34,-7.15,-22.77,103.67,15.77,2,10,18,0,0,2
OTIS,89.06,27.5,53.92,160.44,6.46,0,1,5,1,3,5
A,123.24,22.42,22.27,51.33,11.74,-3,1,5,0,0,2
MCHP,64.7,-6.03,-5.94,-0.24,15.92,-3,1,5,0,0,2
CCJ,78.11,5.2,12.28,87.1,12.27,2,10,17,0,0,2
PCG,15.45,-14.57,-13.35,5.36,13.95,0,1,5,0,0,2
DTE,136.84,-53.32,-51.52,26.11,13.26,-2,1,5,0,0,2
CVE,16.87,12.41,15.66,37.22,11.74,0,2,5,0,1,2
WDS,16.06,16.37,16.37,32.07,11.02,-3,1,5,0,0,2
TSCO,60.61,18.44,22.18,44.28,10.63,0,1,5,0,1,2
EXR,147.15,-11.33,44.61,624.81,12.03,2,10,18,0,0,2
VG,13.6,-8.5,-8.62,-4.12,13.91,-3,1,5,0,0,2
AU,66.31,20.64,52.1,329.41,10.83,2,10,18,0,0,2
GFI,37.6,18.42,34.9,120.96,10.19,2,7,12,0,1,2
IRM,96.69,-20.76,-6.65,109.32,13.58,1,5,10,0,0,2
WIT,2.77,1.53,1.67,2.7,10.71,-1,1,5,0,1,2
TEF,5.37,-1.03,-0.36,9.54,14.26,0,1,5,0,0,2
INSM,145.93,-16.08,-27.34,11.22,12.92,2,9,15,1,5,9
VTR,69.73,-19.4,-15.99,15.68,14.91,1,4,8,0,0,2
HPE,24.73,10.31,12.81,32.79,12.02,0,2,5,0,0,2
HUM,276.44,78.72,119.9,636.7,14.13,1,5,9,0,1,2
DRI,212.61,80.09,112.06,233.84,10.71,1,3,5,0,1,2
BROS,64.55,4.22,11.12,82.58,11.33,2,10,18,0,1,2
TXRH,166.69,74.63,158.85,562.68,9.33,2,7,13,0,2,3
WING,266.02,22.67,139.93,923.63,7.98,2,10,18,0,2,3
EAT,153.66,110.49,394.61,2479.7,7.7,2,10,18,0,2,4
CAKE,56.53,25.34,34.01,84.89,11.38,0,2,5,0,1,2
ARCO,6.79,7.59,9.6,26.23,11.95,0,1,5,0,1,2
HDL,19.03,14.5,27.54,77.78,8.75,1,6,10,1,3,4
BH,303.94,71.12,75.57,155.92,13.71,-1,1,5,0,0,2
KRUS,79.67,0.72,-1.73,47.56,15.61,2,10,18,0,0,2
PBPB,17,2.72,3.05,7.64,12,-3,1,5,0,1,2
BLMN,6.78,1.08,1.26,22.51,13.08,-3,1,5,0,0,2
NATH,107.73,71.35,143.97,370.39,6.89,1,3,6,1,5,9
RICK,34.91,15.26,19.56,74.1,13.15,0,1,5,0,0,2
CASY,553.89,96.58,151.12,474.73,11.64,1,3,5,0,0,2
LOCO,10.12,6.39,7.54,21.47,12.91,0,1,5,0,0,2
DENN,5.13,-0.25,-0.13,7.38,13.76,-2,1,5,0,0,2
DKS,221.5,143.86,177.64,308.03,10.01,0,2,5,0,1,2
MNSO,24.73,16.54,46.26,250.06,7.9,2,10,18,0,1,2
